,restaurant,item,calories,cal_fat,total_fat,sat_fat,trans_fat,cholesterol,sodium,total_carb,fiber,sugar,protein
0,Mcdonalds,Artisan Grilled Chicken Sandwich,380,60,7,0.0425531914893617,0.0,95,1110,44,0.17647058823529413,11,0.1945945945945946
1,Mcdonalds,Single Bacon Smokehouse Burger,840,410,45,0.3617021276595745,0.1875,130,1580,62,0.11764705882352941,18,0.24324324324324326
2,Mcdonalds,Double Bacon Smokehouse Burger,1130,600,67,0.574468085106383,0.375,220,1920,63,0.17647058823529413,18,0.372972972972973
3,Mcdonalds,Grilled Bacon Smokehouse Chicken Sandwich,750,280,31,0.2127659574468085,0.0625,155,1940,62,0.11764705882352941,18,0.2918918918918919
4,Mcdonalds,Crispy Bacon Smokehouse Chicken Sandwich,920,410,45,0.2553191489361702,0.0625,120,1980,81,0.23529411764705882,18,0.24324324324324326
5,Mcdonalds,Big Mac,540,250,28,0.2127659574468085,0.125,80,950,46,0.17647058823529413,9,0.12972972972972974
6,Mcdonalds,Cheeseburger,300,100,12,0.10638297872340426,0.0625,40,680,33,0.11764705882352941,7,0.07567567567567568
7,Mcdonalds,Classic Chicken Sandwich,510,210,24,0.0851063829787234,0.0,65,1040,49,0.17647058823529413,6,0.12972972972972974
8,Mcdonalds,Double Cheeseburger,430,190,21,0.23404255319148937,0.125,85,1040,35,0.11764705882352941,7,0.12972972972972974
9,Mcdonalds,Double Quarter Pounder® with Cheese,770,400,45,0.44680851063829785,0.3125,175,1290,42,0.17647058823529413,10,0.2702702702702703
10,Mcdonalds,Filet-O-Fish®,380,170,18,0.0851063829787234,0.0,40,640,38,0.11764705882352941,5,0.07567567567567568
11,Mcdonalds,Garlic White Cheddar Burger,620,300,34,0.2765957446808511,0.1875,95,790,48,0.17647058823529413,11,0.16756756756756758
12,Mcdonalds,Grilled Garlic White Cheddar Chicken Sandwich,530,180,20,0.14893617021276595,0.0,125,1150,48,0.17647058823529413,11,0.22162162162162163
13,Mcdonalds,Crispy Garlic White Cheddar Chicken Sandwich,700,300,34,0.19148936170212766,0.0,85,1190,67,0.29411764705882354,11,0.17297297297297298
14,Mcdonalds,Hamburger,250,70,8,0.06382978723404255,0.0,30,480,31,0.11764705882352941,6,0.06486486486486487
15,Mcdonalds,Lobster Roll,290,50,5,0.031914893617021274,0.0,65,630,35,0.11764705882352941,3,0.12432432432432433
16,Mcdonalds,Maple Bacon Dijon 1/4 lb Burger,640,330,36,0.2978723404255319,0.1875,110,1260,40,0.17647058823529413,10,0.1945945945945946
17,Mcdonalds,Grilled Maple Bacon Dijon Chicken Sandwich,580,190,21,0.1702127659574468,0.0,135,1890,50,0.17647058823529413,14,0.25405405405405407
18,Mcdonalds,Crispy Maple Bacon Dijon Chicken Sandwich,740,310,35,0.19148936170212766,0.0625,95,1780,69,0.29411764705882354,14,0.20540540540540542
19,Mcdonalds,McChicken,350,130,15,0.07446808510638298,0.0,40,600,40,0.11764705882352941,5,0.07567567567567568
20,Mcdonalds,McDouble,380,160,18,0.1702127659574468,0.125,70,840,34,0.11764705882352941,7,0.11891891891891893
21,Mcdonalds,McRib,480,200,22,0.14893617021276595,0.0,80,870,45,0.11764705882352941,12,0.12972972972972974
22,Mcdonalds,Pico Guacamole 1/4 lb Burger,580,300,33,0.2553191489361702,0.1875,95,920,41,0.23529411764705882,7,0.15135135135135136
23,Mcdonalds,Grilled Pico Guacamole Chicken Sandwich,520,160,18,0.1276595744680851,0.0,115,1540,50,0.23529411764705882,12,0.21081081081081082
24,Mcdonalds,Crispy Pico Guacamole Chicken Sandwich,680,280,32,0.14893617021276595,0.0,80,1430,69,0.35294117647058826,12,0.16216216216216217
25,Mcdonalds,Premium Buttermilk Crispy Chicken Deluxe Sandwich,570,200,23,0.10638297872340426,0.0,60,1050,64,0.23529411764705882,11,0.14594594594594595
26,Mcdonalds,Premium Crispy Chicken Deluxe Sandwich,530,200,22,0.0851063829787234,0.0,45,1000,59,0.17647058823529413,13,0.12972972972972974
27,Mcdonalds,Quarter Pounder® with Cheese,530,240,27,0.2765957446808511,0.1875,100,1090,41,0.17647058823529413,10,0.16216216216216217
28,Mcdonalds,Signature Sriracha Burger,670,320,35,0.2553191489361702,0.1875,95,1010,56,0.23529411764705882,13,0.16756756756756758
29,Mcdonalds,Grilled Signature Sriracha Chicken Sandwich,560,180,20,0.10638297872340426,0.0,115,1550,56,0.23529411764705882,14,0.21621621621621623
30,Mcdonalds,Crispy Signature Sriracha Chicken Sandwich,730,300,33,0.14893617021276595,0.0,80,1430,75,0.29411764705882354,13,0.16756756756756758
31,Mcdonalds,Sweet BBQ Bacon 1/4 lb Burger,690,340,37,0.2978723404255319,0.1875,110,1310,51,0.17647058823529413,14,0.2
32,Mcdonalds,Grilled Sweet BBQ Bacon Chicken Sandwich,630,200,22,0.14893617021276595,0.0,135,1930,61,0.23529411764705882,18,0.25405405405405407
33,Mcdonalds,Crispy Sweet BBQ Bacon Chicken Sandwich,800,320,36,0.19148936170212766,0.0625,95,1820,80,0.29411764705882354,18,0.20540540540540542
34,Mcdonalds,3 piece Buttermilk Crispy Chicken Tenders,370,190,21,0.07446808510638298,0.0,70,910,16,0.0,0,0.14594594594594595
35,Mcdonalds,4 piece Buttermilk Crispy Chicken Tenders,480,250,28,0.09574468085106383,0.0,95,1290,21,0.0,1,0.2
36,Mcdonalds,6 piece Buttermilk Crispy Chicken Tenders,760,390,44,0.1702127659574468,0.0625,145,1890,32,0.058823529411764705,1,0.3081081081081081
37,Mcdonalds,10 piece Buttermilk Crispy Chicken Tenders,1210,630,70,0.2553191489361702,0.125,240,3230,52,0.058823529411764705,4,0.5027027027027027
38,Mcdonalds,12 piece Buttermilk Crispy Chicken Tenders,1510,790,88,0.3191489361702128,0.125,295,3770,64,0.058823529411764705,2,0.6162162162162163
39,Mcdonalds,20 piece Buttermilk Crispy Chicken Tenders,2430,1270,141,0.5106382978723404,0.25,475,6080,103,0.11764705882352941,3,1.0
40,Mcdonalds,4 Piece Chicken McNuggets,180,100,11,0.0425531914893617,0.0,30,340,11,0.058823529411764705,0,0.04864864864864865
41,Mcdonalds,6 Piece Chicken McNuggets,270,140,16,0.05319148936170213,0.0,45,510,16,0.058823529411764705,0,0.07567567567567568
42,Mcdonalds,10 Piece Chicken McNuggets,440,240,27,0.09574468085106383,0.0,75,840,26,0.11764705882352941,0,0.12432432432432433
43,Mcdonalds,20 Piece Chicken McNuggets,890,480,53,0.19148936170212766,0.0,145,1680,53,0.23529411764705882,0,0.2594594594594595
44,Mcdonalds,40 piece Chicken McNuggets,1770,960,107,0.3829787234042553,0.0625,295,3370,105,0.4117647058823529,1,0.5243243243243243
45,Mcdonalds,4 piece Sweet N' Spicy Honey BBQ Glazed Tenders,640,240,27,0.0851063829787234,0.0,105,1780,63,0.11764705882352941,35,0.20540540540540542
46,Mcdonalds,6 piece Sweet N' Spicy Honey BBQ Glazed Tenders,960,360,40,0.1276595744680851,0.0,160,2670,94,0.17647058823529413,52,0.3081081081081081
47,Mcdonalds,10 piece Sweet N' Spicy Honey BBQ Glazed Tenders,1600,600,66,0.2127659574468085,0.0,265,4450,156,0.29411764705882354,87,0.518918918918919
48,Mcdonalds,Premium Asian Salad w/o Chicken,140,70,7,0.010638297872340425,0.0,0,20,13,0.29411764705882354,7,0.032432432432432434
49,Mcdonalds,Premium Asian Salad w/ Grilled Chicken,270,80,9,0.02127659574468085,0.0,80,740,18,0.29411764705882354,10,0.16216216216216217
50,Mcdonalds,Premium Asian Salad w/ Crispy Chicken,490,250,28,0.1702127659574468,0.0,95,1120,28,0.23529411764705882,4,0.17297297297297298
51,Mcdonalds,Premium Bacon Ranch Salad w/o Chicken,190,110,12,0.10638297872340426,0.0,40,660,9,0.17647058823529413,3,0.07027027027027027
52,Mcdonalds,Premium Bacon Ranch Salad w/ Grilled Chicken,320,120,14,0.1276595744680851,0.0,45,1230,9,0.17647058823529413,4,0.22162162162162163
53,Mcdonalds,Premium Bacon Ranch Salad w/ Crispy Chicken,490,250,28,0.1702127659574468,0.0,95,1120,28,0.23529411764705882,4,0.17297297297297298
54,Mcdonalds,Premium Southwest Salad w/o Chicken,220,90,10,0.07446808510638298,0.0,15,500,26,0.35294117647058826,9,0.03783783783783784
55,Mcdonalds,Premium Southwest Salad w/ Grilled Chicken,350,100,12,0.09574468085106383,0.0,110,1070,27,0.35294117647058826,9,0.1945945945945946
56,Mcdonalds,Premium Southwest Salad w/ Crispy Chicken,520,230,25,0.1276595744680851,0.0,75,960,46,0.47058823529411764,9,0.14594594594594595
57,Chick Fil-A,Chargrilled Chicken Club Sandwich,430,144,16,0.1702127659574468,0.0,85,1120,37,0.17647058823529413,7,0.1945945945945946
58,Chick Fil-A,Chargrilled Chicken Sandwich,310,54,6,0.0425531914893617,0.0,55,820,36,0.17647058823529413,7,0.15135135135135136
59,Chick Fil-A,Chick-n-Slider,270,99,11,0.05319148936170213,0.0,45,800,26,0.058823529411764705,4,0.08108108108108109
60,Chick Fil-A,1 Piece Chick-n-Strips,120,54,6,0.06382978723404255,0.0,25,320,6,0.0,1,0.05405405405405406
61,Chick Fil-A,2 Piece Chick-n-Strips,230,108,12,0.06382978723404255,0.0,55,630,13,0.058823529411764705,1,0.11351351351351352
62,Chick Fil-A,3 Piece Chick-n-Strips,350,153,17,0.06382978723404255,0.0,70,940,22,0.058823529411764705,3,0.14594594594594595
63,Chick Fil-A,4 piece Chick-n-Strips,470,207,23,0.06382978723404255,0.0,90,1250,29,0.058823529411764705,4,0.1945945945945946
64,Chick Fil-A,Chicken Deluxe,500,207,23,0.14893617021276595,0.0,75,1590,42,0.17647058823529413,6,0.16216216216216217
65,Chick Fil-A,4 piece Chicken Nuggets,130,54,6,0.031914893617021274,0.0,40,490,5,0.058823529411764705,0,0.07027027027027027
66,Chick Fil-A,6 piece Chicken Nuggets,190,81,9,0.031914893617021274,0.0,55,730,7,0.058823529411764705,0,0.10810810810810811
67,Chick Fil-A,8 piece Chicken Nuggets,260,110,12,0.06382978723404255,0.0,70,990,9,0.058823529411764705,1,0.14594594594594595
68,Chick Fil-A,12 piece Chicken Nuggets,390,162,18,0.031914893617021274,0.0,115,1460,14,0.11764705882352941,1,0.21621621621621623
69,Chick Fil-A,30 piece Chicken Nuggets,970,414,46,0.05319148936170213,0.0,285,3660,35,0.23529411764705882,1,0.5513513513513514
70,Chick Fil-A,Chicken Salad Sandwich,490,170,19,0.06382978723404255,0.0,80,1130,55,0.29411764705882354,12,0.14594594594594595
71,Chick Fil-A,Chicken Sandwich,440,171,19,0.0851063829787234,0.0,60,1350,40,0.11764705882352941,5,0.14594594594594595
72,Chick Fil-A,4 Piece Grilled Chicken Nuggets,70,18,2,0.02127659574468085,0.0,35,220,1,0.0,0,0.06486486486486487
73,Chick Fil-A,6 Piece Grilled Chicken Nuggets,110,27,3,0.02127659574468085,0.0,50,330,2,0.0,0,0.0972972972972973
74,Chick Fil-A,8 piece Grilled Chicken Nuggets,140,36,4,0.02127659574468085,0.0,70,440,2,0.0,0,0.12972972972972974
75,Chick Fil-A,12 Piece Grilled Chicken Nuggets,210,45,5,0.02127659574468085,0.0,100,670,3,0.0,1,0.2
76,Chick Fil-A,Spicy Grilled Chicken Sub Sandwich,430,108,12,0.09574468085106383,0.0,85,1310,47,0.29411764705882354,9,0.17297297297297298
77,Chick Fil-A,Regular Grilled Chicken Sub Sandwich,450,117,13,0.1276595744680851,0.0,75,1000,48,0.23529411764705882,10,0.1783783783783784
78,Chick Fil-A,Smokehouse BBQ Bacon Sandwich,500,162,18,0.0,0.0,95,1200,46,0.11764705882352941,10,0.17297297297297298
79,Chick Fil-A,Spicy Chicken Sandwich,450,171,19,0.0851063829787234,0.0,60,1620,41,0.058823529411764705,5,0.15135135135135136
80,Chick Fil-A,Spicy Deluxe,540,225,25,0.1702127659574468,0.0,80,1760,43,0.11764705882352941,6,0.1783783783783784
81,Chick Fil-A,Chargrilled Chicken Cool Wrap,350,126,14,0.10638297872340426,0.0,60,960,29,0.8823529411764706,3,0.1945945945945946
84,Sonic,Hatch Green Chile Cheeseburger,710,380,43,0.3617021276595745,0.25,120,1120,44,0.11764705882352941,7,0.1837837837837838
85,Sonic,Jalapeno Burger,640,330,37,0.2978723404255319,0.25,100,930,42,0.11764705882352941,6,0.16216216216216217
86,Sonic,Jr. Burger,340,150,17,0.1276595744680851,0.125,35,640,34,0.058823529411764705,6,0.07567567567567568
87,Sonic,Jr. Chili Cheeseburger,410,220,24,0.19148936170212766,0.0625,55,730,32,0.058823529411764705,4,0.10270270270270271
88,Sonic,Jr. Deluxe Burger,380,200,23,0.1276595744680851,0.125,40,470,32,0.058823529411764705,4,0.07567567567567568
89,Sonic,Jr. Deluxe Cheeseburger,450,250,28,0.19148936170212766,0.125,60,800,33,0.058823529411764705,4,0.0972972972972973
90,Sonic,Jr. Double Cheeseburger,600,350,38,0.3404255319148936,0.25,110,1350,35,0.058823529411764705,7,0.16216216216216217
91,Sonic,Sonic Bacon Cheeseburger (w/mayo),870,530,59,0.425531914893617,0.25,140,1350,45,0.11764705882352941,7,0.20540540540540542
92,Sonic,Sonic Burger W/ Mustard,640,330,37,0.2978723404255319,0.25,100,790,43,0.11764705882352941,7,0.16216216216216217
93,Sonic,Sonic Burger W/ Ketchup,650,340,37,0.2978723404255319,0.25,100,860,46,0.11764705882352941,10,0.16756756756756758
94,Sonic,Sonic Burger W/ Mayonnaise,740,430,48,0.3191489361702128,0.25,110,760,44,0.11764705882352941,7,0.16216216216216217
95,Sonic,Sonic Cheeseburger W/ Mustard,710,380,43,0.3617021276595745,0.25,120,1120,43,0.11764705882352941,7,0.1837837837837838
96,Sonic,Sonic Cheeseburger W/ Ketchup,720,380,43,0.3617021276595745,0.25,120,1190,47,0.11764705882352941,10,0.1837837837837838
97,Sonic,Sonic Cheeseburger W/ Mayonnaise,800,480,54,0.3829787234042553,0.25,130,1090,44,0.11764705882352941,7,0.1837837837837838
98,Sonic,Super Sonic Bacon Double Cheeseburger (w/mayo),1280,830,92,0.7659574468085106,0.5,260,1630,44,0.11764705882352941,7,0.3567567567567568
99,Sonic,Super Sonic Double Cheeseburger W/ Mustard,1120,680,76,0.6808510638297872,0.5,235,1550,44,0.11764705882352941,8,0.33513513513513515
100,Sonic,Super Sonic Double Cheeseburger W/ Ketchup,1130,680,76,0.6808510638297872,0.5,235,1620,47,0.11764705882352941,11,0.33513513513513515
101,Sonic,Super Sonic Double Cheeseburger W/ Mayo,1220,780,87,0.723404255319149,0.5,245,1520,45,0.11764705882352941,8,0.33513513513513515
102,Sonic,Super Sonic Jalapeno Double Cheeseburger,1120,680,76,0.6808510638297872,0.5,235,1690,43,0.11764705882352941,7,0.33513513513513515
103,Sonic,Veggie Burger W/ Ketchup,450,130,14,0.0851063829787234,0.0,10,1410,67,0.29411764705882354,11,0.07567567567567568
104,Sonic,Veggie Burger With Mustard,450,130,14,0.0851063829787234,0.0,10,1350,64,0.29411764705882354,8,0.07567567567567568
105,Sonic,Veggie Burger W/ Mustard,450,130,14,0.0851063829787234,0.0,10,1300,64,0.29411764705882354,8,0.07567567567567568
106,Sonic,Grilled Asiago Caesar Chicken Club Sandwich,610,270,30,0.14893617021276595,0.0,110,1570,44,0.17647058823529413,8,0.21081081081081082
107,Sonic,Crispy Asiago Caesar Chicken Club Sandwich,680,350,39,0.19148936170212766,0.0,80,1120,53,0.23529411764705882,7,0.16216216216216217
108,Sonic,Grilled Chicken Sandwich,430,180,20,0.0851063829787234,0.0,80,940,33,0.11764705882352941,6,0.14594594594594595
109,Sonic,Crispy Chicken Sandwich,570,300,33,0.10638297872340426,0.0,45,1060,47,0.23529411764705882,6,0.11891891891891893
110,Sonic,Chicken Strip Sandwich,450,220,24,0.0851063829787234,0.0,35,740,43,0.058823529411764705,4,0.0972972972972973
111,Sonic,3 Piece Crispy Chicken Tender Dinner,280,130,14,0.05319148936170213,0.0,0,800,16,0.0,0,0.11351351351351352
112,Sonic,5 Piece Crispy Chicken Tender Dinner,470,220,24,0.09574468085106383,0.0,0,1340,26,0.0,0,0.1945945945945946
113,Sonic,Deluxe Ultimate Chicken Sandwich,740,350,39,0.1702127659574468,0.0,90,1550,63,0.23529411764705882,12,0.17297297297297298
114,Sonic,Buffalo Dunked Ultimate Chicken Sandwich,1000,550,61,0.2553191489361702,0.0625,125,4520,70,0.29411764705882354,12,0.11891891891891893
115,Sonic,Garlic Parmesan Dunked Ultimate Chicken Sandwich,1350,900,100,0.3617021276595745,0.0,190,2180,69,0.23529411764705882,10,0.11891891891891893
116,Sonic,Small Jumbo Popcorn Chicken,380,190,22,0.0851063829787234,0.0,45,1250,27,0.17647058823529413,1,0.0918918918918919
117,Sonic,Large Jumbo Popcorn Chicken,560,290,32,0.1276595744680851,0.125,65,1890,41,0.29411764705882354,2,0.14054054054054055
118,Sonic,Small Spicy Jumbo Popcorn Chicken,350,150,17,0.06382978723404255,0.0,45,860,30,0.11764705882352941,0,0.10810810810810811
119,Sonic,Large Spicy Jumbo Popcorn Chicken,610,270,30,0.10638297872340426,0.0,80,1500,51,0.17647058823529413,0,0.1891891891891892
120,Sonic,3 Piece Super Crunch Chicken Strip Dinner,970,410,46,0.1702127659574468,0.125,55,2160,109,0.4117647058823529,9,0.15675675675675677
121,Sonic,4 Piece Super Crunch Chicken Strip Dinner,1080,460,51,0.19148936170212766,0.125,75,2390,118,0.47058823529411764,9,0.1945945945945946
122,Sonic,5 Piece Super Crunch Chicken Strip Dinner,1190,510,57,0.2127659574468085,0.125,90,2610,126,0.47058823529411764,9,0.23243243243243245
123,Sonic,3 Piece Super Crunch Chicken Strips,330,140,16,0.06382978723404255,0.0,55,670,25,0.11764705882352941,0,0.11351351351351352
124,Sonic,4 Piece Super Crunch Chicken Strips,440,190,21,0.0851063829787234,0.0,70,900,34,0.11764705882352941,1,0.15135135135135136
125,Sonic,5 Piece Super Crunch Chicken Strips,550,240,26,0.10638297872340426,0.0,90,1120,42,0.17647058823529413,1,0.1891891891891892
126,Sonic,Traditional Ultimate Chicken Sandwich,730,350,39,0.1702127659574468,0.0,90,1540,62,0.17647058823529413,11,0.16756756756756758
127,Sonic,Ultimate Chicken Club,100,580,64,0.3191489361702128,0.0625,100,2070,65,0.23529411764705882,12,0.20540540540540542
128,Sonic,"All Beef All-american Style Dog – 6""",370,160,18,0.14893617021276595,0.0,40,1180,40,0.058823529411764705,15,0.05945945945945946
129,Sonic,"All Beef Chicago Dog – 6""",430,180,20,0.14893617021276595,0.0,40,2310,49,0.058823529411764705,17,0.07027027027027027
130,Sonic,"All Beef Chili Cheese Coney – 6""",410,230,26,0.23404255319148937,0.0,65,1140,30,0.11764705882352941,4,0.08648648648648649
131,Sonic,"All Beef New York Dog – 6""",340,170,19,0.14893617021276595,0.0,40,1250,30,0.17647058823529413,4,0.06486486486486487
132,Sonic,"All Beef Regular Hot Dog – 6""",320,160,18,0.14893617021276595,0.0,40,870,27,0.058823529411764705,3,0.05405405405405406
133,Sonic,Cheesy Bacon Pretzel Dog - 6 In.,500,240,26,0.2127659574468085,0.0,50,1410,46,0.11764705882352941,7,0.07567567567567568
134,Sonic,Corn Dog,210,100,11,0.0851063829787234,0.0,20,530,23,0.11764705882352941,4,0.02702702702702703
135,Sonic,Footlong Quarter Pound Coney,830,490,54,0.46808510638297873,0.125,85,1940,54,0.17647058823529413,9,0.15675675675675677
136,Sonic,The Original Pretzel Dog,320,160,18,0.14893617021276595,0.0,35,910,27,0.058823529411764705,2,0.05405405405405406
137,Arbys,Arby's Melt,330,100,11,0.0851063829787234,0.0,30,920,40,0.11764705882352941,5,0.0918918918918919
138,Arbys,Arby-Q Sandwich,400,90,10,0.06382978723404255,0.0,30,1230,58,0.17647058823529413,23,0.0918918918918919
139,Arbys,Beef 'n Cheddar Classic,450,180,20,0.1276595744680851,0.125,50,1280,45,0.11764705882352941,9,0.11891891891891893
140,Arbys,Beef 'n Cheddar Mid,630,290,32,0.23404255319148937,0.1875,100,2100,48,0.11764705882352941,9,0.20540540540540542
141,Arbys,Bourbon BBQ Brisket Sandwich,650,300,33,0.2553191489361702,0.125,105,1460,51,0.11764705882352941,15,0.2
142,Arbys,Bourbon BBQ Chicken Sandwich,690,280,31,0.19148936170212766,0.0,90,1990,66,0.17647058823529413,16,0.2
143,Arbys,Bourbon BBQ Steak Sandwich,690,280,31,0.19148936170212766,0.0,90,1990,66,0.17647058823529413,16,0.2
144,Arbys,Buttermilk Buffalo Chicken Sandwich,540,220,24,0.09574468085106383,0.0,60,2110,53,0.11764705882352941,6,0.15135135135135136
145,Arbys,Buttermilk Chicken Bacon & Swiss,650,280,31,0.19148936170212766,0.0,90,1750,56,0.11764705882352941,9,0.20540540540540542
146,Arbys,Buttermilk Chicken Cordon Bleu Sandwich,690,310,35,0.2127659574468085,0.0,110,2000,53,0.058823529411764705,7,0.21621621621621623
147,Arbys,Buttermilk Crispy Chicken Sandwich,550,230,26,0.09574468085106383,0.0,60,1480,52,0.11764705882352941,6,0.15135135135135136
148,Arbys,Classic French Dip & Swiss/Au Jus,540,210,23,0.23404255319148937,0.125,85,2500,50,0.11764705882352941,3,0.1837837837837838
149,Arbys,Classic Roast Beef,360,120,14,0.10638297872340426,0.0625,50,970,37,0.11764705882352941,5,0.11891891891891893
150,Arbys,Double Roast Beef,510,210,24,0.19148936170212766,0.1875,95,1610,38,0.11764705882352941,5,0.2
151,Arbys,Fire-Roasted Philly Steak,640,290,32,0.23404255319148937,0.0625,105,1950,46,0.17647058823529413,4,0.22162162162162163
152,Arbys,Grand Turkey Club,480,220,24,0.14893617021276595,0.0,65,1610,37,0.11764705882352941,9,0.15675675675675677
153,Arbys,Greek Gyro,710,390,44,0.2765957446808511,0.0,75,1360,55,0.23529411764705882,6,0.11891891891891893
154,Arbys,Half Pound Beef 'n Cheddar Sandwich,740,350,39,0.2978723404255319,0.25,130,2530,48,0.11764705882352941,9,0.2594594594594595
155,Arbys,Half Pound French Dip & Swiss,750,330,36,0.3617021276595745,0.25,150,3350,51,0.11764705882352941,3,0.2918918918918919
156,Arbys,Half Pound Roast Beef Sandwich,610,270,30,0.2553191489361702,0.25,130,2040,38,0.11764705882352941,5,0.25405405405405407
157,Arbys,Ham & Swiss Melt,300,80,9,0.0851063829787234,0.0,35,1030,37,0.11764705882352941,6,0.0918918918918919
158,Arbys,Loaded Italian Sandwich,680,360,40,0.2978723404255319,0.0625,100,2270,49,0.17647058823529413,7,0.16756756756756758
159,Arbys,Pecan Chicken Salad Flatbread,710,410,46,0.14893617021276595,0.0625,65,980,53,0.23529411764705882,9,0.11351351351351352
160,Arbys,Pecan Chicken Salad Sandwich,840,400,44,0.1276595744680851,0.0625,75,1210,81,0.35294117647058826,20,0.17297297297297298
161,Arbys,2 piece Prime-Cut Chicken Tenders,240,100,11,0.031914893617021274,0.0,30,640,19,0.058823529411764705,0,0.08108108108108109
162,Arbys,3 piece Prime-Cut Chicken Tenders,360,150,17,0.05319148936170213,0.0,45,950,28,0.11764705882352941,0,0.11891891891891893
163,Arbys,5 piece Prime-Cut Chicken Tenders,600,250,28,0.0851063829787234,0.0,75,1590,47,0.17647058823529413,0,0.20540540540540542
164,Arbys,Reuben Sandwich,680,280,31,0.1702127659574468,0.0625,80,2420,62,0.23529411764705882,5,0.1945945945945946
165,Arbys,Roast Beef Gyro,550,260,29,0.14893617021276595,0.125,60,1290,48,0.17647058823529413,5,0.12432432432432433
166,Arbys,Roast Turkey & Swiss Sandwich,710,260,28,0.14893617021276595,0.0,65,1930,79,0.29411764705882354,15,0.2
167,Arbys,Roast Turkey & Swiss Wrap,520,240,27,0.19148936170212766,0.0,65,1640,39,0.23529411764705882,6,0.15675675675675677
168,Arbys,"Roast Turkey, Ranch & Bacon Sandwich",800,310,34,0.2127659574468085,0.0625,80,2420,79,0.29411764705882354,16,0.23783783783783785
169,Arbys,"Roast Turkey, Ranch & Bacon Wrap",620,310,34,0.23404255319148937,0.0625,85,2130,39,0.23529411764705882,6,0.1945945945945946
170,Arbys,Smoke Mountain w/ Beef Short Rib,740,320,35,0.2765957446808511,0.125,125,2050,62,0.23529411764705882,17,0.22702702702702704
171,Arbys,Smokehouse Beef Short Rib Sandwich,590,250,59,0.2127659574468085,0.125,75,1510,59,0.23529411764705882,14,0.13513513513513514
172,Arbys,Smokehouse Brisket,600,310,35,0.2553191489361702,0.125,110,1240,42,0.11764705882352941,7,0.17297297297297298
173,Arbys,Super Roast Beef,430,160,17,0.10638297872340426,0.125,45,1060,45,0.17647058823529413,11,0.11891891891891893
174,Arbys,Three Cheese Steak Sandwich,650,320,36,0.3191489361702128,0.125,115,1760,44,0.11764705882352941,9,0.15675675675675677
175,Arbys,Triple Decker Sandwich,1030,459,51,0.3617021276595745,0.125,155,2940,83,0.29411764705882354,19,0.32972972972972975
176,Arbys,Turkey Avocado Club,730,252,28,0.1276595744680851,0.0,65,2140,80,0.35294117647058826,16,0.21621621621621623
177,Arbys,Turkey Gyro,470,180,20,0.07446808510638298,0.0,45,1520,48,0.17647058823529413,5,0.12972972972972974
178,Arbys,Ultimate BLT,980,495,55,0.2978723404255319,0.0,85,2130,80,0.35294117647058826,19,0.22702702702702704
179,Arbys,Buffalo Chicken Slider,290,120,13,0.0425531914893617,0.0,20,860,31,0.11764705882352941,2,0.05945945945945946
180,Arbys,Chicken Tender 'n Cheese Slider,290,110,12,0.07446808510638298,0.0,25,720,30,0.058823529411764705,1,0.07567567567567568
181,Arbys,Corned Beef 'n Cheese Slider,220,80,9,0.07446808510638298,0.0,30,890,21,0.058823529411764705,1,0.07027027027027027
182,Arbys,Ham 'n Cheese Slider,210,70,8,0.06382978723404255,0.0,25,780,21,0.058823529411764705,2,0.06486486486486487
183,Arbys,Jalapeno Roast Beef 'n Cheese Slider,240,90,11,0.09574468085106383,0.0,30,670,21,0.058823529411764705,1,0.07027027027027027
184,Arbys,Pizza Slider,300,150,17,0.1276595744680851,0.0,35,930,23,0.058823529411764705,2,0.06486486486486487
185,Arbys,Roast Beef 'n Cheese Slider,240,90,11,0.09574468085106383,0.0,30,670,21,0.058823529411764705,1,0.07027027027027027
186,Arbys,Turkey 'n Cheese Slider,200,60,7,0.05319148936170213,0.0,25,760,21,0.058823529411764705,2,0.07027027027027027
187,Arbys,Chopped Side Salad,70,45,5,0.05319148936170213,0.0,15,100,4,0.058823529411764705,2,0.021621621621621623
188,Arbys,Crispy Chicken Farmhouse Salad,430,220,24,0.1702127659574468,0.0,65,1000,26,0.23529411764705882,4,0.14594594594594595
189,Arbys,Greek Gyro Salad,420,340,37,0.19148936170212766,0.0,55,700,11,0.11764705882352941,4,0.04864864864864865
190,Arbys,Roast Turkey Farmhouse Salad,230,120,13,0.14893617021276595,0.0,55,870,8,0.11764705882352941,5,0.11351351351351352
191,Arbys,Super Greek Salad,720,480,53,0.3191489361702128,0.0,85,1310,39,0.29411764705882354,7,0.11351351351351352
192,Burger King,American Brewhouse King,1550,1134,126,1.0,1.0,805,1820,21,0.17647058823529413,7,0.7189189189189189
193,Burger King,Bacon & Swiss Sourdough King,1000,585,65,0.5106382978723404,0.375,200,1320,48,0.11764705882352941,8,0.2972972972972973
194,Burger King,Bacon Cheeseburger,330,140,16,0.14893617021276595,0.0,55,830,32,0.058823529411764705,7,0.0918918918918919
195,Burger King,Bacon Cheeseburger Deluxe,290,120,14,0.1276595744680851,0.0625,40,720,28,0.058823529411764705,7,0.05945945945945946
196,Burger King,Bacon King,1040,630,48,0.5957446808510638,0.3125,220,1900,48,0.058823529411764705,10,0.3027027027027027
197,Burger King,Bacon King Jr,730,351,39,0.19148936170212766,0.0,90,1930,63,0.0,16,0.16756756756756758
199,Burger King,Cheeseburger,300,130,14,0.1276595744680851,0.0,45,710,28,0.058823529411764705,6,0.08108108108108109
200,Burger King,Double Bacon Cheeseburger,520,280,31,0.2978723404255319,0.125,105,1180,33,0.058823529411764705,8,0.16216216216216217
201,Burger King,Double Cheeseburger,450,230,26,0.2553191489361702,0.125,95,960,29,0.058823529411764705,6,0.13513513513513514
202,Burger King,Double Hamburger,360,160,18,0.1702127659574468,0.0,70,520,28,0.058823529411764705,6,0.11351351351351352
203,Burger King,Double Quarter Pound King,900,486,54,0.5319148936170213,0.375,210,1740,50,0.11764705882352941,11,0.2972972972972973
204,Burger King,Extra Long Cheeseburger,580,300,33,0.2765957446808511,0.1875,85,1030,45,0.11764705882352941,9,0.13513513513513514
206,Burger King,Hamburger,260,90,10,0.0851063829787234,0.0,35,490,28,0.058823529411764705,6,0.06486486486486487
207,Burger King,Homestyle Cheeseburger,550,250,27,0.2553191489361702,0.1875,95,1140,48,0.11764705882352941,10,0.15675675675675677
208,Burger King,Jalapeno King Sandwich,990,585,65,0.5106382978723404,0.375,205,1550,46,0.11764705882352941,7,0.2918918918918919
210,Burger King,Rodeo Burger,310,110,13,0.0851063829787234,0.0625,25,450,38,0.058823529411764705,9,0.043243243243243246
211,Burger King,Rodeo King,1250,738,82,0.6595744680851063,0.4375,230,2270,69,0.17647058823529413,14,0.31891891891891894
212,Burger King,Sourdough King Single,730,387,43,0.3404255319148936,0.1875,125,1570,52,0.11764705882352941,12,0.1837837837837838
213,Burger King,Sourdough King Double,970,549,61,0.5106382978723404,0.375,205,1640,52,0.11764705882352941,12,0.2918918918918919
215,Burger King,Bacon & Cheese Whopper,770,432,48,0.3404255319148936,0.25,95,1360,47,0.11764705882352941,9,0.15135135135135136
216,Burger King,DOUBLE WHOPPER w/o Cheese,900,510,57,0.40425531914893614,0.25,140,1050,51,0.17647058823529413,11,0.24864864864864866
217,Burger King,DOUBLE WHOPPER w/ Cheese,990,580,65,0.5106382978723404,0.25,160,1480,53,0.17647058823529413,11,0.2756756756756757
218,Burger King,WHOPPER w/o Cheese,660,360,40,0.2553191489361702,0.1875,90,980,49,0.11764705882352941,11,0.14594594594594595
219,Burger King,WHOPPER w/ Cheese,760,430,47,0.3404255319148936,0.125,100,1410,53,0.17647058823529413,11,0.17297297297297298
220,Burger King,WHOPPER JR. w/o Cheese,340,170,19,0.10638297872340426,0.0,40,510,28,0.11764705882352941,6,0.07027027027027027
221,Burger King,WHOPPER JR. w/ Cheese,380,210,23,0.1702127659574468,0.125,55,730,29,0.11764705882352941,6,0.08108108108108109
222,Burger King,Bacon Cheddar Ranch Chicken Salad w/ grilled Chicken & Dressing,590,360,40,0.2553191489361702,0.0,150,1540,18,0.17647058823529413,6,0.22162162162162163
223,Burger King,Bacon Cheddar Ranch Chicken Salad w/ crispy Chicken & Dressing,720,450,50,0.2765957446808511,0.0,120,1960,32,0.29411764705882354,7,0.1891891891891892
224,Burger King,Chicken BLT Salad w/ Grilled Chicken,550,330,37,0.2127659574468085,0.0,115,1640,17,0.17647058823529413,5,0.1891891891891892
225,Burger King,Chicken BLT Salad w/ Crispy Chicken,690,430,48,0.2553191489361702,0.125,100,1750,31,0.23529411764705882,8,0.1837837837837838
226,Burger King,Chicken Caesar Salad w/ Grilled Chicken,530,290,32,0.10638297872340426,0.0,95,1640,26,0.17647058823529413,6,0.1837837837837838
227,Burger King,Chicken Caesar Salad w/ Crispy Chicken,670,380,43,0.14893617021276595,0.0,80,1760,40,0.29411764705882354,8,0.1783783783783784
228,Burger King,"Chicken, Apple & Cranberry Salad w/ Grilled Chicken",560,270,30,0.14893617021276595,0.0,90,980,40,0.23529411764705882,34,0.15135135135135136
229,Burger King,"Chicken, Apple & Cranberry Salad w/ Crispy Chicken",700,370,41,0.19148936170212766,0.0,80,1090,54,0.29411764705882354,37,0.14594594594594595
230,Burger King,"Garden Grilled Chicken Salad w/ Grilled Chicken, no dressing",320,120,14,0.1276595744680851,0.0,115,650,16,0.11764705882352941,4,0.1891891891891892
231,Burger King,"Garden Grilled Chicken Salad w/ Crispy Chicken, no dressing",450,220,24,0.14893617021276595,0.0,85,1070,30,0.29411764705882354,6,0.15135135135135136
232,Burger King,Side Caesar Salad with dressing,220,180,20,0.0851063829787234,0.0,10,540,7,0.11764705882352941,3,0.02702702702702703
233,Burger King,Side Garden Salad and Avocado Ranch Dressing,230,190,21,0.10638297872340426,0.0,30,520,7,0.11764705882352941,3,0.021621621621621623
236,Burger King,Big Fish Sandwich,530,250,27,0.09574468085106383,0.0,30,1360,54,0.11764705882352941,7,0.08648648648648649
237,Burger King,BK VEGGIE Burger,410,150,16,0.06382978723404255,0.0,5,1030,44,0.4117647058823529,8,0.11351351351351352
238,Burger King,Chicken Burger,480,220,25,0.05319148936170213,0.0,5,1160,42,0.11764705882352941,10,0.11351351351351352
240,Burger King,Chicken Fries,290,150,17,0.06382978723404255,0.1875,40,780,18,0.058823529411764705,1,0.08108108108108109
241,Burger King,4 Piece Chicken Nuggets,190,100,11,0.0425531914893617,0.0,25,310,10,0.058823529411764705,0,0.04864864864864865
242,Burger King,6 Piece Chicken Nuggets,290,150,17,0.06382978723404255,0.0,40,460,15,0.058823529411764705,0,0.07567567567567568
243,Burger King,20 Piece Chicken Nuggets,950,500,55,0.23404255319148937,0.0,130,1530,50,0.29411764705882354,0,0.2702702702702703
244,Burger King,Chicken Nuggets (10pc),470,260,29,0.10638297872340426,0.0,50,890,34,0.29411764705882354,0,0.10810810810810811
247,Burger King,Crispy Chicken Jr.,430,250,28,0.09574468085106383,0.0,30,760,34,0.11764705882352941,4,0.05945945945945946
248,Burger King,Crispy Chicken Sandwich,670,370,41,0.14893617021276595,0.0625,60,1070,54,0.11764705882352941,7,0.11891891891891893
249,Burger King,Grilled Chicken Sandwich,470,170,19,0.07446808510638298,0.0,85,850,39,0.11764705882352941,6,0.1945945945945946
250,Burger King,Grilled Chili Cheese Dog,330,170,19,0.1702127659574468,0.125,40,980,28,0.11764705882352941,5,0.07027027027027027
251,Burger King,Grilled Hot Dog,310,140,16,0.1276595744680851,0.125,30,960,32,0.11764705882352941,10,0.05405405405405406
252,Burger King,Jalapeno Chicken Fries,300,160,18,0.06382978723404255,0.0,40,950,19,0.058823529411764705,1,0.07567567567567568
253,Burger King,Original Chicken Sandwich,630,350,39,0.14893617021276595,0.125,65,1390,46,0.17647058823529413,4,0.12432432432432433
254,Burger King,Pretzel Chicken Fries,340,189,21,0.07446808510638298,0.0,45,1200,21,0.058823529411764705,1,0.08108108108108109
255,Burger King,Rodeo Crispy Chicken Sandwich,410,150,17,0.06382978723404255,0.0,20,870,53,0.11764705882352941,14,0.05945945945945946
256,Burger King,Sourdough Chicken Club,840,459,51,0.2553191489361702,0.125,95,1760,62,0.17647058823529413,7,0.16756756756756758
257,Burger King,4 Piece Spicy Chicken Nuggets,210,135,15,0.06382978723404255,0.0,20,570,11,0.11764705882352941,0,0.03783783783783784
259,Burger King,Spicy Crispy Chicken Jr.,410,220,25,0.09574468085106383,0.0,35,850,35,0.11764705882352941,5,0.05945945945945946
260,Burger King,Spicy Crispy Chicken Sandwich,700,378,42,0.14893617021276595,0.0,65,1140,57,0.17647058823529413,8,0.12972972972972974
261,Burger King,Spicy Crispy Jalapeno Chicken Sandwich,760,405,45,0.23404255319148937,0.0,95,1720,58,0.17647058823529413,8,0.16756756756756758
262,Dairy Queen,1/2 lb. FlameThrower® GrillBurger,1000,660,74,0.5531914893617021,0.25,170,1610,40,0.11764705882352941,9,0.24324324324324326
263,Dairy Queen,1/2 lb. GrillBurger with Cheese,800,460,51,0.425531914893617,0.25,135,1280,44,0.17647058823529413,13,0.21081081081081082
264,Dairy Queen,1/4 lb. Bacon Cheese GrillBurger,630,330,37,0.2765957446808511,0.125,95,1250,44,0.11764705882352941,13,0.15675675675675677
265,Dairy Queen,1/4 lb. GrillBurger with Cheese,540,270,30,0.23404255319148937,0.125,70,1020,44,0.17647058823529413,13,0.11891891891891893
266,Dairy Queen,1/4 lb. Mushroom Swiss GrillBurger,570,310,35,0.23404255319148937,0.125,75,820,39,0.11764705882352941,8,0.12432432432432433
267,Dairy Queen,Original Cheeseburger,400,160,18,0.19148936170212766,0.125,65,930,34,0.058823529411764705,8,0.0972972972972973
268,Dairy Queen,Original Double Cheeseburger,630,310,34,0.3829787234042553,0.25,125,1240,34,0.058823529411764705,9,0.1783783783783784
269,Dairy Queen,4 Piece Chicken Strip Basket w/ Country Gravy,1030,480,53,0.19148936170212766,0.125,80,2780,105,0.5294117647058824,4,0.1837837837837838
270,Dairy Queen,6 Piece Chicken Strip Basket w/ Country Gravy,1260,590,66,0.23404255319148937,0.125,120,3500,121,0.7058823529411765,4,0.2594594594594595
271,Dairy Queen,Bacon Cheese Dog,420,240,26,0.23404255319148937,0.125,60,1140,26,0.058823529411764705,3,0.0972972972972973
272,Dairy Queen,Cheese Dog,390,220,24,0.23404255319148937,0.125,50,1000,26,0.058823529411764705,3,0.08108108108108109
273,Dairy Queen,Chili Cheese Dog,380,220,24,0.23404255319148937,0.125,55,900,23,0.058823529411764705,3,0.08108108108108109
274,Dairy Queen,Chili Dog,330,180,20,0.1702127659574468,0.125,40,1050,24,0.058823529411764705,5,0.06486486486486487
275,Dairy Queen,Hot Dog,290,160,17,0.14893617021276595,0.125,35,900,22,0.058823529411764705,4,0.05405405405405406
276,Dairy Queen,Relish Dog,350,180,20,0.1702127659574468,0.125,35,1000,30,0.058823529411764705,6,0.06486486486486487
277,Dairy Queen,Barbecue Pork Sandwich,310,80,9,0.06382978723404255,0.0,50,830,41,0.11764705882352941,9,0.08648648648648649
278,Dairy Queen,Breaded Mushrooms,250,80,9,0.02127659574468085,0.0,0,500,36,0.11764705882352941,1,0.032432432432432434
279,Dairy Queen,Regular Cheese Curds,550,410,45,0.5319148936170213,0.0,150,900,0,0.0,0,0.1837837837837838
280,Dairy Queen,Large Cheese Curds,1050,670,75,0.9148936170212766,0.125,180,2210,52,0.0,30,0.22702702702702704
281,Dairy Queen,Chili Cheese Mega Dog,760,440,49,0.44680851063829785,0.25,100,1570,48,0.11764705882352941,6,0.16756756756756758
282,Dairy Queen,Corn Dog,260,140,15,0.0851063829787234,0.0,20,450,26,0.058823529411764705,7,0.02702702702702703
283,Dairy Queen,Crispy Fish Sandwich,470,200,22,0.06382978723404255,0.0,20,1210,53,0.11764705882352941,7,0.08648648648648649
284,Dairy Queen,Deluxe Cheeseburger,400,160,18,0.19148936170212766,0.125,65,930,35,0.058823529411764705,9,0.10270270270270271
285,Dairy Queen,Deluxe Double Cheeseburger,640,310,34,0.3829787234042553,0.25,125,1240,35,0.058823529411764705,9,0.1783783783783784
286,Dairy Queen,Deluxe Double Hamburger,540,240,26,0.2765957446808511,0.125,100,750,34,0.058823529411764705,9,0.15135135135135136
287,Dairy Queen,Deluxe Hamburger,350,130,14,0.14893617021276595,0.125,50,680,34,0.058823529411764705,9,0.08648648648648649
288,Dairy Queen,DQ Ultimate® Burger,780,430,48,0.46808510638297873,0.25,150,1390,34,0.058823529411764705,7,0.21621621621621623
289,Dairy Queen,Pork Tenderloin Sandwich,580,310,34,0.14893617021276595,0.0,45,910,48,0.11764705882352941,6,0.0972972972972973
290,Dairy Queen,Steak Finger Basket,910,430,48,0.2765957446808511,0.0625,45,2210,95,0.29411764705882354,2,0.11891891891891893
291,Dairy Queen,3 chicken strips Chicken Strips,350,180,20,0.06382978723404255,0.0,60,960,22,0.5882352941176471,0,0.11351351351351352
292,Dairy Queen,Chicken Bacon Ranch Sandwich,500,180,20,0.1702127659574468,0.0,65,1190,45,0.17647058823529413,3,0.17297297297297298
293,Dairy Queen,Chicken Mozzarella Sandwich,640,220,25,0.1702127659574468,0.0,60,1530,68,0.23529411764705882,3,0.1783783783783784
294,Dairy Queen,Crispy Chicken BLT Salad,520,280,31,0.2127659574468085,0.0,100,1470,25,0.5294117647058824,6,0.1945945945945946
295,Dairy Queen,Crispy Chicken Garden Greens Salad,280,120,13,0.0425531914893617,0.0,40,670,24,0.5294117647058824,6,0.08648648648648649
296,Dairy Queen,Crispy Chicken Sandwich,600,270,30,0.10638297872340426,0.0,55,1250,59,0.4117647058823529,8,0.12432432432432433
297,Dairy Queen,Crispy Chicken Wrap,350,190,21,0.10638297872340426,0.0,35,820,30,0.11764705882352941,1,0.05945945945945946
298,Dairy Queen,Grilled Chicken BLT Salad,380,170,19,0.19148936170212766,0.0,100,1540,11,0.17647058823529413,6,0.22162162162162163
299,Dairy Queen,Grilled Chicken Garden Greens Salad,150,20,2,0.010638297872340425,0.0,40,730,10,0.17647058823529413,6,0.11891891891891893
300,Dairy Queen,Grilled Chicken Sandwich,360,140,15,0.06382978723404255,0.0,50,1040,32,0.058823529411764705,5,0.12972972972972974
301,Dairy Queen,Grilled Chicken Wrap,280,130,15,0.0851063829787234,0.0,30,800,22,0.058823529411764705,1,0.07567567567567568
302,Dairy Queen,Side Salad,20,0,0,0.0,0.0,0,15,5,0.11764705882352941,3,0.0
303,Dairy Queen,Turkey BLT Sandwich,550,240,26,0.1702127659574468,0.0,60,1420,45,0.17647058823529413,3,0.15675675675675677
304,Subway,"6"" B.L.T.",320,80,9,0.0851063829787234,0.0,20,680,43,0.29411764705882354,6,0.07567567567567568
305,Subway,Footlong B.L.T.,640,160,18,0.1702127659574468,0.0,40,1360,86,0.5882352941176471,12,0.15675675675675677
306,Subway,"6"" BBQ Rib Sandwich",430,160,18,0.1276595744680851,0.0,50,590,47,0.29411764705882354,8,0.0972972972972973
307,Subway,Footlong BBQ Rib Sandwich,860,320,36,0.2553191489361702,0.0,100,1180,94,0.5882352941176471,16,0.2
308,Subway,"6"" Big Hot Pastrami",580,310,31,0.23404255319148937,0.0,85,1470,47,0.29411764705882354,7,0.15135135135135136
309,Subway,Footlong Big Hot Pastrami,1160,620,62,0.46808510638297873,0.0,170,2940,94,0.5882352941176471,14,0.3081081081081081
310,Subway,"6"" Big Philly Cheesesteak",500,150,17,0.19148936170212766,0.125,85,1310,51,0.35294117647058826,8,0.2
311,Subway,Footlong Big Philly Cheesesteak,1000,300,34,0.3829787234042553,0.25,170,2620,102,0.7058823529411765,16,0.40540540540540543
312,Subway,Kids Mini Sub Black Forest Ham,180,20,3,0.010638297872340425,0.0,10,450,30,0.17647058823529413,5,0.04864864864864865
313,Subway,"6"" Black Forest Ham",290,40,5,0.02127659574468085,0.0,20,830,46,0.29411764705882354,8,0.0918918918918919
314,Subway,Footlong Black Forest Ham,580,80,10,0.0425531914893617,0.0,40,1660,92,0.5882352941176471,16,0.1891891891891892
315,Subway,"6"" Carved Turkey",330,45,5,0.02127659574468085,0.0,45,890,45,0.29411764705882354,7,0.12972972972972974
316,Subway,Footlong Carved Turkey,660,90,10,0.0425531914893617,0.0,90,1780,90,0.5882352941176471,14,0.2648648648648649
317,Subway,"6"" Carved Turkey & Bacon w/ Cheese",570,230,26,0.14893617021276595,0.0,70,1600,46,0.29411764705882354,8,0.17297297297297298
318,Subway,Footlong Carved Turkey & Bacon w/ Cheese,1140,460,52,0.2978723404255319,0.0,140,3200,92,0.5882352941176471,16,0.35135135135135137
319,Subway,"6"" Chicken & Bacon Ranch Melt",570,250,28,0.2127659574468085,0.125,95,1080,47,0.29411764705882354,8,0.1837837837837838
320,Subway,Footlong Chicken & Bacon Ranch Melt,1140,500,56,0.425531914893617,0.25,190,2160,94,0.5882352941176471,16,0.372972972972973
321,Subway,"6"" Chicken Pizziola Melt",460,140,16,0.1276595744680851,0.0,80,1140,49,0.35294117647058826,9,0.16756756756756758
322,Subway,Footlong Chicken Pizziola Melt,920,280,32,0.2553191489361702,0.0,160,2280,98,0.7058823529411765,18,0.34054054054054056
323,Subway,"6"" Cold Cut Combo",370,120,13,0.0851063829787234,0.0,50,1140,46,0.29411764705882354,7,0.0918918918918919
324,Subway,Footlong Cold Cut Combo,740,240,26,0.1702127659574468,0.0,100,2280,92,0.5882352941176471,14,0.1891891891891892
325,Subway,"6"" Corned Beef Reuben",470,130,15,0.09574468085106383,0.0,85,1770,45,0.4117647058823529,12,0.20540540540540542
326,Subway,Footlong Corned Beef Reuben,940,260,30,0.19148936170212766,0.0,170,3540,90,0.8235294117647058,24,0.41621621621621624
327,Subway,"6"" Italian B.M.T.",410,150,16,0.1276595744680851,0.0,45,1300,46,0.29411764705882354,8,0.10270270270270271
328,Subway,Footlong Italian B.M.T.,820,300,32,0.2553191489361702,0.0,90,2600,92,0.5882352941176471,16,0.21081081081081082
329,Subway,"6"" Italian Hero",550,260,29,0.2127659574468085,0.0,75,1470,47,0.29411764705882354,9,0.13513513513513514
330,Subway,Footlong Italian Hero,1100,520,58,0.425531914893617,0.0,150,2940,94,0.5882352941176471,18,0.2756756756756757
331,Subway,"6"" Meatball Marinara",480,160,18,0.14893617021276595,0.125,30,950,59,0.47058823529411764,12,0.10810810810810811
332,Subway,Footlong Meatball Marinara,960,320,36,0.2978723404255319,0.25,60,1900,118,0.9411764705882353,24,0.22162162162162163
333,Subway,"6"" Oven Roasted Chicken",320,40,5,0.0425531914893617,0.0,25,640,47,0.29411764705882354,8,0.11891891891891893
334,Subway,Footlong Oven Roasted Chicken,640,80,10,0.0851063829787234,0.0,50,1280,44,0.5882352941176471,16,0.24324324324324326
335,Subway,Kids Mini Sub Roast Beef,200,25,3,0.02127659574468085,0.0,25,390,30,0.23529411764705882,5,0.07027027027027027
336,Subway,"6"" Roast Beef",320,40,5,0.0425531914893617,0.0,40,700,45,0.29411764705882354,7,0.12432432432432433
337,Subway,Footlong Roast Beef,640,80,10,0.0851063829787234,0.0,80,1400,90,0.5882352941176471,14,0.25405405405405407
338,Subway,"6"" Rotisserie Style Chicken",350,50,6,0.031914893617021274,0.0,50,540,44,0.29411764705882354,7,0.15135135135135136
339,Subway,Footlong Rotisserie Style Chicken,700,100,12,0.06382978723404255,0.0,100,1080,88,0.5882352941176471,14,0.3081081081081081
340,Subway,"6"" Spicy Italian",480,220,24,0.19148936170212766,0.125,50,1520,46,0.29411764705882354,8,0.10270270270270271
341,Subway,Footlong Spicy Italian,960,440,48,0.3829787234042553,0.25,100,3040,92,0.5882352941176471,16,0.21081081081081082
342,Subway,"6"" Steak and Cheese",380,90,10,0.10638297872340426,0.0,50,1060,48,0.29411764705882354,8,0.13513513513513514
343,Subway,Footlong Steak and Cheese,760,180,20,0.2127659574468085,0.0,100,2120,96,0.5882352941176471,16,0.2756756756756757
344,Subway,"6"" Subway Club",310,40,5,0.0425531914893617,0.0,40,880,46,0.29411764705882354,7,0.11891891891891893
345,Subway,Footlong Subway Club,620,80,10,0.0851063829787234,0.0,80,1760,92,0.5882352941176471,14,0.24324324324324326
346,Subway,"6"" Subway Melt (includes cheese)",370,100,11,0.10638297872340426,0.0,45,1210,47,0.29411764705882354,8,0.11891891891891893
347,Subway,Footlong Subway Melt (includes cheese),740,200,22,0.2127659574468085,0.0,90,1420,94,0.5882352941176471,16,0.24324324324324326
348,Subway,"6"" Subway Seafood Sensation",420,170,19,0.06382978723404255,0.0,20,690,51,0.29411764705882354,8,0.06486486486486487
349,Subway,Footlong Subway Seafood Sensation,840,340,38,0.1276595744680851,0.0,40,1380,102,0.5882352941176471,16,0.13513513513513514
350,Subway,"6"" Sweet Onion Chicken Teriyaki",380,40,5,0.02127659574468085,0.0,50,900,59,0.29411764705882354,18,0.13513513513513514
351,Subway,Footlong Sweet Onion Chicken Teriyaki,760,80,10,0.0425531914893617,0.0,100,1800,118,0.5882352941176471,36,0.2756756756756757
352,Subway,"6"" Tuna",470,210,24,0.0851063829787234,0.0,30,620,44,0.29411764705882354,6,0.10270270270270271
353,Subway,Footlong Tuna,940,420,48,0.1702127659574468,0.0,60,1240,88,0.5882352941176471,12,0.21081081081081082
354,Subway,"6"" Turkey & Bacon Avocado",390,110,13,0.07446808510638298,0.0,30,860,49,0.47058823529411764,7,0.11351351351351352
355,Subway,Footlong Turkey & Bacon Avocado,780,220,26,0.14893617021276595,0.0,60,1720,98,0.9411764705882353,14,0.23243243243243245
356,Subway,Kids Mini Sub Turkey Breast,180,20,2,0.010638297872340425,0.0,10,380,30,0.17647058823529413,5,0.04864864864864865
357,Subway,"6"" Turkey Breast",280,30,4,0.02127659574468085,0.0,20,810,46,0.29411764705882354,7,0.0918918918918919
358,Subway,Footlong Turkey Breast,560,60,8,0.0425531914893617,0.0,40,1620,92,0.5882352941176471,14,0.1891891891891892
359,Subway,"6"" Turkey Breast & Ham",280,35,4,0.02127659574468085,0.0,20,820,46,0.29411764705882354,8,0.0918918918918919
360,Subway,Footlong Turkey Breast & Ham,560,70,8,0.0425531914893617,0.0,40,1640,92,0.5882352941176471,16,0.1891891891891892
361,Subway,"6"" Turkey Italiano Melt (with Provolone)",490,210,24,0.19148936170212766,0.125,50,1480,47,0.29411764705882354,8,0.12432432432432433
362,Subway,Footlong Turkey Italiano Melt (with Provolone),980,420,48,0.3829787234042553,0.25,100,2960,94,0.5882352941176471,16,0.25405405405405407
363,Subway,Kids Mini Sub Veggie Delite,150,15,2,0.0,0.0,0,190,29,0.17647058823529413,4,0.02702702702702703
364,Subway,"6"" Veggie Delite",230,20,3,0.02127659574468085,0.0,0,310,44,0.29411764705882354,6,0.03783783783783784
365,Subway,Footlong Veggie Delite,460,40,6,0.0425531914893617,0.0,0,620,88,0.5882352941176471,12,0.08108108108108109
366,Subway,"6"" Veggie Patty",390,70,7,0.02127659574468085,0.0,10,800,56,0.47058823529411764,8,0.11891891891891893
367,Subway,Footlong Veggie Patty,780,140,14,0.0425531914893617,0.0,20,1600,112,0.9411764705882353,16,0.24324324324324326
368,Subway,Autumn Carved Turkey Salad,300,80,9,0.06382978723404255,0.0,60,1120,26,0.17647058823529413,22,0.12972972972972974
369,Subway,B.L.T. Salad,150,70,8,0.0851063829787234,0.0,20,420,10,0.23529411764705882,5,0.04864864864864865
370,Subway,Big Hot Pastrami Melt Salad,400,300,29,0.23404255319148937,0.0,85,1250,12,0.23529411764705882,4,0.11891891891891893
371,Subway,Big Philly Cheesesteak Salad,330,140,16,0.1702127659574468,0.125,85,1080,17,0.29411764705882354,6,0.16756756756756758
372,Subway,Black Forest Ham Salad,110,25,3,0.02127659574468085,0.0,20,590,11,0.23529411764705882,6,0.05945945945945946
373,Subway,Buffalo Chicken Salad (with Ranch dressing),360,230,26,0.0851063829787234,0.0,60,1100,13,0.23529411764705882,6,0.10270270270270271
374,Subway,Carved Turkey & Bacon w/ Cheese Salad,280,110,12,0.09574468085106383,0.0,65,1320,11,0.23529411764705882,5,0.14594594594594595
375,Subway,Carved Turkey Salad,150,30,4,0.0,0.0,45,680,8,0.17647058823529413,3,0.0972972972972973
376,Subway,Chicken & Bacon Ranch Melt Salad (includes Ranch dressing),510,340,38,0.2553191489361702,0.125,100,1040,14,0.23529411764705882,7,0.15675675675675677
377,Subway,Cold Cut Combo Salad,180,95,11,0.0851063829787234,0.0,45,820,12,0.23529411764705882,5,0.05945945945945946
378,Subway,Double Chicken Salad,220,35,5,0.031914893617021274,0.0,100,490,10,0.23529411764705882,4,0.1891891891891892
379,Subway,Italian B.M.T.® Salad,230,135,15,0.1276595744680851,0.0,45,1060,12,0.23529411764705882,6,0.07027027027027027
380,Subway,Italian Hero Salad,230,140,15,0.10638297872340426,0.0,45,1060,13,0.23529411764705882,8,0.07027027027027027
381,Subway,Meatball Marinara Salad,310,150,17,0.14893617021276595,0.125,30,720,25,0.35294117647058826,10,0.08108108108108109
382,Subway,Oven Roasted Chicken Salad,140,25,3,0.010638297872340425,0.0,50,280,10,0.23529411764705882,4,0.0972972972972973
383,Subway,Roast Beef Salad,140,30,4,0.02127659574468085,0.0,40,450,10,0.23529411764705882,5,0.0918918918918919
384,Subway,Spicy Italian Salad,310,205,23,0.19148936170212766,0.125,50,1280,11,0.23529411764705882,6,0.07567567567567568
385,Subway,Steak & Cheese Salad,210,75,8,0.0851063829787234,0.0,50,830,14,0.23529411764705882,6,0.10270270270270271
386,Subway,Subway Club Salad,140,30,4,0.02127659574468085,0.0,40,640,11,0.23529411764705882,5,0.08648648648648649
387,Subway,Subway Melt® Salad,200,85,10,0.10638297872340426,0.0,45,910,13,0.23529411764705882,6,0.0918918918918919
388,Subway,Sweet Onion Chicken Teriyaki Salad,200,25,3,0.02127659574468085,0.0,50,660,24,0.23529411764705882,16,0.10270270270270271
389,Subway,Tuna Salad,310,215,24,0.0851063829787234,0.0,40,370,10,0.23529411764705882,4,0.07567567567567568
390,Subway,Turkey Breast & Ham Salad,110,20,3,0.02127659574468085,0.0,25,580,11,0.23529411764705882,5,0.05945945945945946
391,Subway,Turkey Breast Salad,110,20,2,0.02127659574468085,0.0,20,570,11,0.23529411764705882,5,0.05945945945945946
392,Subway,Veggie Delite Salad,50,10,1,0.0,0.0,0,65,9,0.23529411764705882,4,0.010810810810810811
393,Subway,Chipotle Southwest Steak & Cheese Wrap,760,330,37,0.2553191489361702,0.125,100,2250,65,0.23529411764705882,7,0.22702702702702704
394,Subway,Rotisserie-Style Chicken Caesar Wrap,730,310,34,0.2127659574468085,0.0625,135,1900,53,0.17647058823529413,4,0.2918918918918919
395,Subway,"Turkey, Bacon & Guacamole Wrap",810,380,42,0.2765957446808511,0.0625,75,2970,62,0.17647058823529413,6,0.22702702702702704
396,Subway,Cheese & Veggies Pizza,740,230,25,0.23404255319148937,0.0,50,1270,100,0.29411764705882354,9,0.1891891891891892
397,Subway,Cheese Pizza,680,200,22,0.19148936170212766,0.0,40,1070,96,0.23529411764705882,7,0.16756756756756758
398,Subway,Pepperoni Pizza,790,290,32,0.2765957446808511,0.0,60,1350,96,0.23529411764705882,8,0.2
399,Subway,Sausage Pizza,820,310,34,0.2978723404255319,0.0,70,1420,97,0.23529411764705882,8,0.20540540540540542
400,Taco Bell,1/2 lb.* Cheesy Potato Burrito,540,230,26,0.14893617021276595,0.125,45,1360,59,0.4117647058823529,4,0.0972972972972973
401,Taco Bell,1/2 lb.* Combo Burrito,460,170,18,0.14893617021276595,0.125,45,1320,53,0.5294117647058824,3,0.10810810810810811
402,Taco Bell,7-Layer Burrito,510,170,19,0.14893617021276595,0.0,20,1090,68,0.6470588235294118,4,0.08108108108108109
403,Taco Bell,Bean Burrito,370,100,11,0.0851063829787234,0.0,5,960,56,0.5294117647058824,3,0.06486486486486487
404,Taco Bell,Beefy 5-Layer Burrito,550,200,22,0.1702127659574468,0.0,35,1270,68,0.47058823529411764,5,0.0972972972972973
405,Taco Bell,Beefy Fritos® Burrito,440,160,18,0.10638297872340426,0.0,20,1030,55,0.23529411764705882,3,0.06486486486486487
406,Taco Bell,Black Bean Burrito,410,110,12,0.0851063829787234,0.0,10,1100,62,0.47058823529411764,3,0.07027027027027027
407,Taco Bell,Burrito Supreme® – Beef,420,140,16,0.14893617021276595,0.0,35,1090,53,0.47058823529411764,5,0.08108108108108109
408,Taco Bell,Burrito Supreme® - Chicken,390,110,12,0.10638297872340426,0.0,40,1050,52,0.4117647058823529,5,0.0972972972972973
409,Taco Bell,Burrito Supreme® - Steak,390,120,13,0.10638297872340426,0.0,30,1090,52,0.4117647058823529,5,0.08648648648648649
410,Taco Bell,Cantina Power Burrito - Chicken,760,240,27,0.1276595744680851,0.0,60,1960,96,0.7058823529411765,7,0.16756756756756758
411,Taco Bell,Cantina Power Burrito - Steak,780,250,28,0.14893617021276595,0.0,50,1900,98,0.7647058823529411,7,0.17297297297297298
412,Taco Bell,Cantina Power Burrito - Veggie,740,230,26,0.10638297872340426,0.0,10,1750,107,1.0,8,0.10270270270270271
413,Taco Bell,Cheesy Bean and Rice Burrito,420,160,17,0.07446808510638298,0.0,0,930,55,0.35294117647058826,4,0.05405405405405406
414,Taco Bell,Chili Cheese Burrito,380,150,17,0.1702127659574468,0.125,35,930,41,0.29411764705882354,2,0.08108108108108109
415,Taco Bell,Chicken Crunchy Cheesy Core Burrito,610,210,24,0.19148936170212766,0.0,55,1510,74,0.29411764705882354,5,0.12972972972972974
416,Taco Bell,Steak Crunchy Cheesy Core Burrito,610,220,24,0.19148936170212766,0.0,50,1520,75,0.29411764705882354,5,0.12972972972972974
417,Taco Bell,Beef Crunchy Cheesy Core Burrito,630,240,26,0.2127659574468085,0.0625,45,1530,76,0.4117647058823529,5,0.11351351351351352
418,Taco Bell,Loaded Taco Burrito,550,260,29,0.19148936170212766,0.0625,50,1130,52,0.4117647058823529,4,0.10270270270270271
419,Taco Bell,Chicken Quesarito,620,270,30,0.2127659574468085,0.0,60,1440,64,0.23529411764705882,4,0.12432432432432433
420,Taco Bell,Steak Quesarito,630,280,31,0.23404255319148937,0.0625,65,1410,64,0.17647058823529413,4,0.12972972972972974
421,Taco Bell,Beef Quesarito,650,300,34,0.2553191489361702,0.0625,60,1450,65,0.35294117647058826,5,0.11351351351351352
422,Taco Bell,Shredded Chicken Burrito,400,160,18,0.09574468085106383,0.0,30,960,45,0.17647058823529413,3,0.08108108108108109
423,Taco Bell,Smothered Burrito - Beef,710,320,35,0.2765957446808511,0.125,75,2260,70,0.5882352941176471,4,0.14594594594594595
424,Taco Bell,Smothered Burrito - Shredded Chicken,650,250,28,0.2127659574468085,0.0,70,2230,67,0.47058823529411764,4,0.1783783783783784
425,Taco Bell,Smothered Burrito - Steak,670,260,29,0.23404255319148937,0.0625,80,2080,68,0.4117647058823529,4,0.1837837837837838
426,Taco Bell,Chicken Spicy Cheesy Core Burrito,540,180,20,0.1702127659574468,0.0,55,1740,66,0.29411764705882354,5,0.12432432432432433
427,Taco Bell,Steak Spicy Cheesy Core Burrito,550,190,21,0.19148936170212766,0.0,50,1750,66,0.29411764705882354,5,0.12432432432432433
428,Taco Bell,Beef Spicy Cheesy Core Burrito,570,210,23,0.2127659574468085,0.0625,45,1760,68,0.4117647058823529,5,0.11351351351351352
429,Taco Bell,Triple Melt Burrito,410,140,16,0.1276595744680851,0.0,30,1030,50,0.23529411764705882,3,0.07567567567567568
430,Taco Bell,XXL Grilled Stuft Burrito - Beef,880,380,42,0.2978723404255319,0.125,75,2020,94,0.7058823529411765,6,0.16216216216216217
431,Taco Bell,XXL Grilled Stuft Burrito - Chicken,830,320,35,0.23404255319148937,0.0,85,1940,91,0.5882352941176471,6,0.1945945945945946
432,Taco Bell,XXL Grilled Stuft Burrito - Steak,820,320,36,0.2553191489361702,0.125,70,2020,91,0.5882352941176471,7,0.17297297297297298
433,Taco Bell,Chicken Soft Taco,170,50,6,0.06382978723404255,0.0,30,460,18,0.058823529411764705,1,0.05945945945945946
434,Taco Bell,Cool Ranch® Doritos® Double Decker® Taco,320,120,14,0.10638297872340426,0.0,25,770,36,0.35294117647058826,2,0.06486486486486487
435,Taco Bell,Cool Ranch® Doritos® Locos Taco,160,90,10,0.07446808510638298,0.0,25,350,13,0.11764705882352941,1,0.03783783783783784
436,Taco Bell,Cool Ranch® Doritos® Locos Taco Supreme,200,100,12,0.09574468085106383,0.0,35,370,15,0.17647058823529413,3,0.043243243243243246
437,Taco Bell,Crunchy Taco,170,90,10,0.0851063829787234,0.0,25,290,12,0.17647058823529413,1,0.03783783783783784
438,Taco Bell,Crunchy Taco Supreme®,200,110,12,0.10638297872340426,0.0,35,320,15,0.17647058823529413,2,0.043243243243243246
439,Taco Bell,Double Decker® Taco,320,120,14,0.10638297872340426,0.0,25,640,37,0.4117647058823529,2,0.06486486486486487
440,Taco Bell,DOUBLE DECKER® Taco Supreme®,350,140,16,0.1276595744680851,0.0,35,670,40,0.4117647058823529,3,0.07027027027027027
441,Taco Bell,Spicy Sweet Double Stacked Taco,340,160,18,0.14893617021276595,0.0,35,640,32,0.23529411764705882,6,0.05945945945945946
442,Taco Bell,Cool Ranch Habanero Double Stacked Taco,350,180,20,0.1702127659574468,0.0625,40,630,30,0.23529411764705882,3,0.06486486486486487
443,Taco Bell,Nacho Crunch Double Stacked Taco,380,170,19,0.1276595744680851,0.0,35,650,39,0.29411764705882354,2,0.06486486486486487
444,Taco Bell,Fiery Doritos® Double Decker® Taco,320,120,13,0.10638297872340426,0.0,25,770,36,0.4117647058823529,2,0.07027027027027027
445,Taco Bell,Fiery Doritos® Locos Taco,170,90,10,0.07446808510638298,0.0,25,370,12,0.17647058823529413,1,0.03783783783783784
446,Taco Bell,Fiery Doritos® Locos Taco Supreme,200,110,12,0.10638297872340426,0.0,30,390,15,0.17647058823529413,2,0.043243243243243246
447,Taco Bell,Grilled Steak Soft Taco,250,130,14,0.0851063829787234,0.0,30,550,19,0.11764705882352941,2,0.05405405405405406
448,Taco Bell,Nacho Cheese Doritos® Double Decker® Taco,320,120,13,0.10638297872340426,0.0,25,760,36,0.4117647058823529,2,0.07027027027027027
449,Taco Bell,Nacho Cheese Doritos® Locos Tacos,170,80,9,0.0851063829787234,0.0,25,340,13,0.11764705882352941,1,0.03783783783783784
450,Taco Bell,Nacho Cheese Doritos® Locos Tacos Supreme,200,100,11,0.10638297872340426,0.0,35,370,15,0.17647058823529413,2,0.043243243243243246
451,Taco Bell,Soft Taco Supreme® – Beef,230,100,11,0.10638297872340426,0.0,35,530,22,0.17647058823529413,3,0.04864864864864865
452,Taco Bell,Soft Taco-Beef,200,80,9,0.0851063829787234,0.0,25,510,19,0.17647058823529413,1,0.04864864864864865
453,Taco Bell,Spicy Potato Soft Taco,250,120,13,0.06382978723404255,0.0,10,510,28,0.17647058823529413,1,0.02702702702702703
454,Taco Bell,Chalupa Supreme® - Chicken,340,160,18,0.0851063829787234,0.0,40,530,29,0.17647058823529413,4,0.08108108108108109
455,Taco Bell,Chalupa Supreme® - Steak,340,170,18,0.0851063829787234,0.0,30,570,29,0.17647058823529413,4,0.07027027027027027
456,Taco Bell,Chalupa Supreme®–Beef,370,190,21,0.10638297872340426,0.0,30,570,31,0.23529411764705882,4,0.06486486486486487
457,Taco Bell,Double Chalupa,600,310,35,0.1702127659574468,0.0625,50,1010,50,0.35294117647058826,5,0.10810810810810811
458,Taco Bell,Wild Naked Chicken Chalupa,420,250,28,0.1276595744680851,0.0,65,1070,23,0.23529411764705882,2,0.0972972972972973
459,Taco Bell,Mild Naked Chicken Chalupa,440,270,30,0.14893617021276595,0.0,70,1090,22,0.17647058823529413,1,0.10270270270270271
460,Taco Bell,Spicy Double Chalupa,600,310,35,0.1702127659574468,0.0625,50,1240,52,0.4117647058823529,5,0.10810810810810811
461,Taco Bell,Fresco Bean Burrito,350,80,9,0.06382978723404255,0.0,0,950,57,0.5294117647058824,3,0.05405405405405406
462,Taco Bell,Fresco Burrito Supreme® – Chicken,340,80,8,0.06382978723404255,0.0,25,1020,50,0.4117647058823529,4,0.08648648648648649
463,Taco Bell,Fresco Burrito Supreme® – Steak,340,80,9,0.06382978723404255,0.0,15,1060,50,0.4117647058823529,4,0.07567567567567568
464,Taco Bell,Fresco Chicken Soft Taco,150,35,4,0.02127659574468085,0.0,25,460,18,0.11764705882352941,2,0.05405405405405406
465,Taco Bell,Fresco Crunchy Taco,140,70,8,0.0425531914893617,0.0,20,290,13,0.17647058823529413,1,0.02702702702702703
466,Taco Bell,Fresco Grilled Steak Soft Taco,150,35,4,0.0425531914893617,0.0,15,500,19,0.11764705882352941,2,0.043243243243243246
467,Taco Bell,Fresco Soft Taco,170,60,7,0.06382978723404255,0.0,20,500,20,0.17647058823529413,2,0.03783783783783784
468,Taco Bell,Cheesy Gordita Crunch,490,260,29,0.2127659574468085,0.125,55,810,39,0.29411764705882354,6,0.10270270270270271
469,Taco Bell,Doritos® Cheesy Gordita Crunch - Cool Ranch,490,250,28,0.2127659574468085,0.125,55,890,40,0.29411764705882354,5,0.10270270270270271
470,Taco Bell,Doritos® Cheesy Gordita Crunch - Fiery,490,250,28,0.2127659574468085,0.125,55,890,40,0.29411764705882354,4,0.10270270270270271
471,Taco Bell,Doritos® Cheesy Gordita Crunch - Nacho Cheese,490,250,28,0.2127659574468085,0.125,55,880,40,0.29411764705882354,5,0.10270270270270271
472,Taco Bell,Double Cheesy Gordita Crunch,570,290,32,0.2553191489361702,0.125,70,1110,44,0.4117647058823529,5,0.12972972972972974
473,Taco Bell,Gordita Supreme® – Beef,300,120,14,0.10638297872340426,0.0,30,550,31,0.23529411764705882,6,0.06486486486486487
474,Taco Bell,Gordita Supreme® - Chicken,270,90,10,0.0851063829787234,0.0,40,510,29,0.11764705882352941,6,0.08108108108108109
475,Taco Bell,Gordita Supreme® - Steak,270,90,11,0.0851063829787234,0.0,30,550,29,0.11764705882352941,6,0.07027027027027027
476,Taco Bell,Nacho Fries Bellgrande,710,360,41,0.1276595744680851,0.0,30,1420,73,0.5882352941176471,4,0.06486486486486487
477,Taco Bell,Nachos BellGrande®,760,360,39,0.1276595744680851,0.0,30,1100,82,0.7647058823529411,5,0.0918918918918919
478,Taco Bell,Nachos Supreme,430,210,23,0.10638297872340426,0.0,30,690,44,0.4117647058823529,3,0.05945945945945946
479,Taco Bell,Triple Layer Nachos,320,140,15,0.031914893617021274,0.0,0,600,41,0.35294117647058826,2,0.032432432432432434
480,Taco Bell,Triple Melt Nachos,260,140,16,0.09574468085106383,0.0,30,550,19,0.17647058823529413,1,0.04864864864864865
481,Taco Bell,Beefy Cheddar Crunchwrap Slider,410,170,19,0.1276595744680851,0.0,25,960,46,0.23529411764705882,3,0.07027027027027027
482,Taco Bell,Beefy Mini Quesadilla,210,110,12,0.0851063829787234,0.0,25,560,17,0.17647058823529413,1,0.043243243243243246
483,Taco Bell,Beefy Nacho Griller,420,170,19,0.09574468085106383,0.0,20,870,49,0.29411764705882354,3,0.05945945945945946
484,Taco Bell,BLT Crunchwrap Slider,430,210,23,0.10638297872340426,0.0,20,900,43,0.17647058823529413,4,0.05945945945945946
485,Taco Bell,Cantina Power Bowl - Chicken,560,200,22,0.0851063829787234,0.0,60,1520,64,0.5294117647058824,4,0.13513513513513514
486,Taco Bell,Cantina Power Bowl - Steak,580,210,23,0.0851063829787234,0.0,50,1460,66,0.5882352941176471,4,0.14054054054054055
487,Taco Bell,Cantina Power Bowl - Veggie,540,190,21,0.06382978723404255,0.0,10,1310,75,0.8235294117647058,4,0.07027027027027027
488,Taco Bell,Cheese Quesadilla,480,240,27,0.23404255319148937,0.125,50,1000,40,0.23529411764705882,3,0.0972972972972973
489,Taco Bell,Cheese Roll-Up,190,80,9,0.10638297872340426,0.0,20,450,18,0.11764705882352941,1,0.043243243243243246
490,Taco Bell,Chicken Quesadilla,520,250,28,0.2553191489361702,0.125,75,1210,41,0.23529411764705882,3,0.14054054054054055
491,Taco Bell,Chickstar,620,340,37,0.1702127659574468,0.0,50,1290,53,0.23529411764705882,4,0.08648648648648649
492,Taco Bell,Chili Cheese Burrito,380,150,17,0.1702127659574468,0.125,35,930,41,0.29411764705882354,2,0.08108108108108109
493,Taco Bell,Chipotle Crispy Chicken Griller,290,170,18,0.06382978723404255,0.0,25,640,22,0.058823529411764705,1,0.043243243243243246
494,Taco Bell,Crispy Chicken Quesadilla,650,340,37,0.2765957446808511,0.0625,75,1480,51,0.29411764705882354,3,0.13513513513513514
495,Taco Bell,Crunchwrap Supreme®,540,190,21,0.1276595744680851,0.0,30,1110,71,0.4117647058823529,7,0.08108108108108109
496,Taco Bell,Double Tostada,270,100,11,0.0851063829787234,0.0,15,650,32,0.47058823529411764,2,0.05945945945945946
497,Taco Bell,Express Taco Salad w/ Chips,580,260,29,0.19148936170212766,0.125,60,1270,59,0.47058823529411764,7,0.11891891891891893
498,Taco Bell,Loaded Potato Griller,470,200,22,0.1276595744680851,0.0,25,1120,55,0.23529411764705882,5,0.06486486486486487
499,Taco Bell,Mexican Pizza,540,270,31,0.1702127659574468,0.125,40,860,47,0.4117647058823529,2,0.10270270270270271
500,Taco Bell,MexiMelt®,270,130,14,0.14893617021276595,0.125,40,740,21,0.17647058823529413,2,0.07027027027027027
501,Taco Bell,Steak Quesalupa,440,210,23,0.2127659574468085,0.0625,60,840,36,0.17647058823529413,3,0.11351351351351352
502,Taco Bell,Chicken Quesalupa,440,200,23,0.2127659574468085,0.0625,60,840,37,0.17647058823529413,3,0.11351351351351352
503,Taco Bell,Beef Quesalupa,460,240,26,0.23404255319148937,0.125,50,890,38,0.23529411764705882,3,0.0972972972972973
504,Taco Bell,Shredded Chicken Mini Quesadilla,180,70,8,0.05319148936170213,0.0,25,540,15,0.11764705882352941,1,0.05945945945945946
505,Taco Bell,Spicy Chicken Crunchwrap Slider,400,180,20,0.0851063829787234,0.0,25,900,42,0.17647058823529413,3,0.07567567567567568
506,Taco Bell,Spicy Tostada,200,90,10,0.05319148936170213,0.0,10,440,22,0.23529411764705882,1,0.032432432432432434
507,Taco Bell,Stacker,390,170,18,0.1702127659574468,0.0625,40,1050,39,0.23529411764705882,3,0.0918918918918919
508,Taco Bell,Steak Quesadilla,520,250,28,0.2553191489361702,0.125,65,1250,41,0.23529411764705882,3,0.12972972972972974
509,Taco Bell,Original Triple Double Crunchwrap,700,270,30,0.19148936170212766,0.0625,45,1550,85,0.5294117647058824,7,0.11891891891891893
510,Taco Bell,Spicy Triple Double Crunchwrap,780,340,38,0.2127659574468085,0.0625,50,1850,87,0.5294117647058824,8,0.11891891891891893
511,Taco Bell,Express Taco Salad w/ Chips,580,260,29,0.19148936170212766,0.125,60,1270,59,0.47058823529411764,7,0.11891891891891893
512,Taco Bell,Fiesta Taco Salad-Beef,780,380,42,0.2127659574468085,0.125,60,1340,74,0.6470588235294118,7,0.13513513513513514
513,Taco Bell,Fiesta Taco Salad-Chicken,720,320,35,0.14893617021276595,0.0,70,1260,70,0.47058823529411764,8,0.16756756756756758
514,Taco Bell,Fiesta Taco Salad-Steak,720,320,36,0.1702127659574468,0.125,55,1340,70,0.47058823529411764,8,0.14594594594594595
